time,precip_mm
1981-01-01,76.68236
1981-02-01,50.802937
1981-03-01,96.47205
1981-04-01,75.1553
1981-05-01,78.96703
1981-06-01,87.93086
1981-07-01,64.01159
1981-08-01,62.28621
1981-09-01,101.069466
1981-10-01,102.54972
1981-11-01,96.981766
1981-12-01,134.61565
1982-01-01,47.868332
1982-02-01,35.649204
1982-03-01,96.590294
1982-04-01,85.74111
1982-05-01,67.52848
1982-06-01,67.66037
1982-07-01,89.12885
1982-08-01,78.490524
1982-09-01,36.06746
1982-10-01,66.847275
1982-11-01,64.88885
1982-12-01,127.70767
1983-01-01,29.249355
1983-02-01,48.00314
1983-03-01,52.220154
1983-04-01,56.34833
1983-05-01,74.00708
1983-06-01,101.27928
1983-07-01,74.51709
1983-08-01,38.101685
1983-09-01,74.326385
1983-10-01,35.93747
1983-11-01,49.440388
1983-12-01,82.6692
1984-01-01,83.41741
1984-02-01,85.700554
1984-03-01,71.11797
1984-04-01,66.11768
1984-05-01,96.14696
1984-06-01,57.43433
1984-07-01,49.642654
1984-08-01,68.492004
1984-09-01,78.478676
1984-10-01,43.99492
1984-11-01,61.946194
1984-12-01,37.42071
1985-01-01,90.979675
1985-02-01,54.057274
1985-03-01,77.270294
1985-04-01,70.242195
1985-05-01,69.78639
1985-06-01,88.77427
1985-07-01,31.540588
1985-08-01,100.49304
1985-09-01,26.412537
1985-10-01,22.695951
1985-11-01,178.4084
1985-12-01,58.98899
1986-01-01,100.30426
1986-02-01,113.8788
1986-03-01,76.472565
1986-04-01,69.08085
1986-05-01,75.32068
1986-06-01,95.9525
1986-07-01,71.5066
1986-08-01,43.583397
1986-09-01,31.220413
1986-10-01,50.740627
1986-11-01,21.234753
1986-12-01,61.74822
1987-01-01,111.11755
1987-02-01,38.81551
1987-03-01,87.406906
1987-04-01,96.341606
1987-05-01,124.189316
1987-06-01,64.725006
1987-07-01,54.664722
1987-08-01,55.499306
1987-09-01,30.745829
1987-10-01,43.390358
1987-11-01,95.60222
1987-12-01,78.078705
1988-01-01,51.364952
1988-02-01,86.072845
1988-03-01,103.60548
1988-04-01,73.98899
1988-05-01,65.61683
1988-06-01,89.3572
1988-07-01,34.10769
1988-08-01,33.274258
1988-09-01,69.044556
1988-10-01,46.193977
1988-11-01,76.42064
1988-12-01,63.886147
1989-01-01,9.976777
1989-02-01,22.940687
1989-03-01,57.588734
1989-04-01,112.52436
1989-05-01,96.9023
1989-06-01,116.04012
1989-07-01,59.21008
1989-08-01,86.800705
1989-09-01,51.39663
1989-10-01,60.953148
1989-11-01,87.41142
1989-12-01,60.21845
1990-01-01,27.813017
1990-02-01,38.32049
1990-03-01,33.101555
1990-04-01,99.70463
1990-05-01,62.73778
1990-06-01,71.639626
1990-07-01,45.9113
1990-08-01,39.30853
1990-09-01,49.771484
1990-10-01,61.276707
1990-11-01,76.71263
1990-12-01,120.795815
1991-01-01,19.002874
1991-02-01,72.83889
1991-03-01,78.015434
1991-04-01,95.812004
1991-05-01,101.66755
1991-06-01,69.10669
1991-07-01,82.33098
1991-08-01,67.42944
1991-09-01,46.60185
1991-10-01,103.9806
1991-11-01,112.97727
1991-12-01,38.308933
1992-01-01,29.125366
1992-02-01,17.035505
1992-03-01,35.90816
1992-04-01,103.18464
1992-05-01,62.571644
1992-06-01,132.05585
1992-07-01,50.680656
1992-08-01,29.048895
1992-09-01,38.16806
1992-10-01,124.270325
1992-11-01,88.207794
1992-12-01,71.11356
1993-01-01,20.121237
1993-02-01,29.300001
1993-03-01,89.60564
1993-04-01,61.95522
1993-05-01,66.90604
1993-06-01,59.934822
1993-07-01,39.224987
1993-08-01,43.525314
1993-09-01,74.23631
1993-10-01,61.170765
1993-11-01,118.17564
1993-12-01,88.33093
1994-01-01,72.45999
1994-02-01,72.82154
1994-03-01,34.923744
1994-04-01,128.91881
1994-05-01,65.76638
1994-06-01,77.5986
1994-07-01,71.01016
1994-08-01,79.1716
1994-09-01,49.03132
1994-10-01,79.930214
1994-11-01,40.844715
1994-12-01,87.13197
1995-01-01,74.60223
1995-02-01,38.710968
1995-03-01,77.94214
1995-04-01,72.46972
1995-05-01,93.29286
1995-06-01,83.79655
1995-07-01,73.00063
1995-08-01,85.62711
1995-09-01,99.55435
1995-10-01,16.945154
1995-11-01,62.87961
1995-12-01,158.1541
1996-01-01,62.829277
1996-02-01,73.887505
1996-03-01,78.565445
1996-04-01,74.17234
1996-05-01,114.340645
1996-06-01,53.47568
1996-07-01,36.85639
1996-08-01,74.308556
1996-09-01,155.60214
1996-10-01,54.76758
1996-11-01,81.10359
1996-12-01,146.08925
1997-01-01,48.039135
1997-02-01,32.79671
1997-03-01,53.77298
1997-04-01,94.93605
1997-05-01,74.7553
1997-06-01,58.72483
1997-07-01,77.9238
1997-08-01,95.62072
1997-09-01,31.243767
1997-10-01,111.92374
1997-11-01,68.64397
1997-12-01,112.19752
1998-01-01,64.05726
1998-02-01,32.434273
1998-03-01,40.27752
1998-04-01,87.33547
1998-05-01,84.327065
1998-06-01,76.1309
1998-07-01,58.532917
1998-08-01,57.372417
1998-09-01,117.11636
1998-10-01,124.18012
1998-11-01,120.71467
1998-12-01,53.884956
1999-01-01,67.59028
1999-02-01,104.33524
1999-03-01,53.722107
1999-04-01,98.965454
1999-05-01,81.87859
1999-06-01,96.375244
1999-07-01,114.63234
1999-08-01,40.33162
1999-09-01,52.01711
1999-10-01,54.299915
1999-11-01,89.0719
1999-12-01,168.5061
2000-01-01,32.880577
2000-02-01,38.10602
2000-03-01,60.358147
2000-04-01,65.64075
2000-05-01,54.730694
2000-06-01,45.884502
2000-07-01,44.283813
2000-08-01,23.0849
2000-09-01,82.59537
2000-10-01,43.946964
2000-11-01,66.84136
2000-12-01,67.6162
2001-01-01,56.61016
2001-02-01,34.705097
2001-03-01,81.18904
2001-04-01,134.00772
2001-05-01,72.210754
2001-06-01,112.31756
2001-07-01,53.45232
2001-08-01,51.433598
2001-09-01,139.66782
2001-10-01,25.810623
2001-11-01,89.213905
2001-12-01,59.614334
2002-01-01,23.065422
2002-02-01,36.151527
2002-03-01,48.500046
2002-04-01,80.112076
2002-05-01,73.058395
2002-06-01,59.96633
2002-07-01,86.92612
2002-08-01,101.22294
2002-09-01,89.34047
2002-10-01,72.98293
2002-11-01,65.17734
2002-12-01,104.28236
2003-01-01,101.03632
2003-02-01,35.96459
2003-03-01,16.676378
2003-04-01,58.2245
2003-05-01,68.4145
2003-06-01,59.016888
2003-07-01,58.964287
2003-08-01,31.65818
2003-09-01,69.562065
2003-10-01,136.6305
2003-11-01,55.32443
2003-12-01,64.658875
2004-01-01,85.88481
2004-02-01,63.966145
2004-03-01,56.69913
2004-04-01,77.923584
2004-05-01,80.31181
2004-06-01,88.92227
2004-07-01,70.23541
2004-08-01,54.823353
2004-09-01,49.52163
2004-10-01,68.38718
2004-11-01,123.81573
2004-12-01,71.98551
2005-01-01,59.407955
2005-02-01,89.696754
2005-03-01,60.59513
2005-04-01,92.306274
2005-05-01,82.946625
2005-06-01,72.55722
2005-07-01,84.99522
2005-08-01,137.69583
2005-09-01,78.648056
2005-10-01,37.267197
2005-11-01,80.409546
2005-12-01,120.889275
2006-01-01,50.992474
2006-02-01,63.192474
2006-03-01,106.49743
2006-04-01,97.83938
2006-05-01,59.124744
2006-06-01,124.73956
2006-07-01,69.28018
2006-08-01,141.94447
2006-09-01,48.478443
2006-10-01,54.87319
2006-11-01,52.24665
2006-12-01,70.14679
2007-01-01,65.6783
2007-02-01,64.35947
2007-03-01,91.3213
2007-04-01,29.713085
2007-05-01,122.72746
2007-06-01,82.7252
2007-07-01,31.183748
2007-08-01,79.12705
2007-09-01,86.99429
2007-10-01,133.40134
2007-11-01,134.52583
2007-12-01,53.126842
2008-01-01,47.954845
2008-02-01,18.729471
2008-03-01,87.47545
2008-04-01,81.67471
2008-05-01,61.540318
2008-06-01,79.2387
2008-07-01,69.28983
2008-08-01,39.08741
2008-09-01,76.13578
2008-10-01,52.91983
2008-11-01,71.07602
2008-12-01,118.22083
2009-01-01,102.13815
2009-02-01,62.589394
2009-03-01,86.85307
2009-04-01,42.020283
2009-05-01,66.119415
2009-06-01,134.86731
2009-07-01,60.735348
2009-08-01,54.892345
2009-09-01,34.53667
2009-10-01,114.46225
2009-11-01,101.81595
2009-12-01,139.44214
2010-01-01,84.99158
2010-02-01,113.92079
2010-03-01,75.556725
2010-04-01,86.65857
2010-05-01,108.53597
2010-06-01,115.65558
2010-07-01,68.14854
2010-08-01,50.67646
2010-09-01,61.446407
2010-10-01,106.08412
2010-11-01,102.615524
2010-12-01,106.53824
2011-01-01,39.477875
2011-02-01,40.748566
2011-03-01,45.037052
2011-04-01,41.973812
2011-05-01,84.95734
2011-06-01,61.36215
2011-07-01,83.486305
2011-08-01,21.756674
2011-09-01,39.165684
2011-10-01,46.184414
2011-11-01,15.99336
2011-12-01,83.37226
2012-01-01,81.13094
2012-02-01,87.29054
2012-03-01,26.665676
2012-04-01,106.72219
2012-05-01,115.146965
2012-06-01,38.78561
2012-07-01,54.623085
2012-08-01,21.23529
2012-09-01,39.766857
2012-10-01,94.704575
2012-11-01,57.788864
2012-12-01,106.283646
2013-01-01,79.46188
2013-02-01,103.61629
2013-03-01,119.885414
2013-04-01,62.167286
2013-05-01,106.41427
2013-06-01,77.989685
2013-07-01,38.824356
2013-08-01,52.129356
2013-09-01,73.55678
2013-10-01,60.845154
2013-11-01,80.38928
2013-12-01,25.393242
2014-01-01,61.257416
2014-02-01,56.194134
2014-03-01,67.41193
2014-04-01,131.20525
2014-05-01,152.2873
2014-06-01,96.51131
2014-07-01,132.51492
2014-08-01,67.81809
2014-09-01,126.59585
2014-10-01,67.17235
2014-11-01,59.748596
2014-12-01,98.33413
2015-01-01,73.4393
2015-02-01,65.0659
2015-03-01,88.92096
2015-04-01,56.159447
2015-05-01,82.52886
2015-06-01,67.22347
2015-07-01,24.631815
2015-08-01,67.92494
2015-09-01,67.40444
2015-10-01,87.77099
2015-11-01,71.519905
2015-12-01,12.060615
2016-01-01,83.86814
2016-02-01,73.06047
2016-03-01,108.89885
2016-04-01,72.542244
2016-05-01,103.31448
2016-06-01,102.82044
2016-07-01,76.937325
2016-08-01,75.675064
2016-09-01,60.845646
2016-10-01,83.65685
2016-11-01,95.72636
2016-12-01,18.623722
2017-01-01,45.63616
2017-02-01,48.085186
2017-03-01,49.499752
2017-04-01,80.321144
2017-05-01,85.726906
2017-06-01,67.21293
2017-07-01,47.298206
2017-08-01,41.48778
2017-09-01,63.78698
2017-10-01,71.70023
2017-11-01,72.07841
2017-12-01,124.53084
2018-01-01,73.3251
2018-02-01,71.55505
2018-03-01,135.03752
2018-04-01,67.2294
2018-05-01,92.17516
2018-06-01,131.85663
2018-07-01,103.21672
2018-08-01,56.993824
2018-09-01,30.512508
2018-10-01,34.84768
2018-11-01,70.355
2018-12-01,68.80991
2019-01-01,92.67557
2019-02-01,47.17533
2019-03-01,29.840624
2019-04-01,79.5183
2019-05-01,126.78122
2019-06-01,105.50826
2019-07-01,71.8703
2019-08-01,41.438854
2019-09-01,41.437763
2019-10-01,20.076113
2019-11-01,108.5545
2019-12-01,73.60986
2020-01-01,27.164717
2020-02-01,50.229298
2020-03-01,71.34651
2020-04-01,45.861164
2020-05-01,85.64607
2020-06-01,105.829315
2020-07-01,70.97184
2020-08-01,108.991714
2020-09-01,55.042362
2020-10-01,97.29199
2020-11-01,14.566736
2020-12-01,96.36334
2021-01-01,136.97112
2021-02-01,43.8589
2021-03-01,67.28578
2021-04-01,64.56128
2021-05-01,66.65248
2021-06-01,49.176636
2021-07-01,76.46214
2021-08-01,46.63985
2021-09-01,34.255573
2021-10-01,66.54631
2021-11-01,77.071945
2021-12-01,138.8513
2022-01-01,37.280827
2022-02-01,40.347237
2022-03-01,42.757607
2022-04-01,76.97894
2022-05-01,65.89094
2022-06-01,72.48807
2022-07-01,53.75327
2022-08-01,80.131935
2022-09-01,113.23134
2022-10-01,22.113203
2022-11-01,106.208435
2022-12-01,92.2734
2023-01-01,93.06533
2023-02-01,47.58285
2023-03-01,59.537273
2023-04-01,85.68001
2023-05-01,94.64252
2023-06-01,113.57428
2023-07-01,72.12627
2023-08-01,73.70156
2023-09-01,50.841187
2023-10-01,45.69039
2023-11-01,161.21506
2023-12-01,61.00846
2024-01-01,59.384987
2024-02-01,41.282932
2024-03-01,72.218575
2024-04-01,64.54771
2024-05-01,100.903206
2024-06-01,84.6025
2024-07-01,57.499847
2024-08-01,31.935331
2024-09-01,101.6844
2024-10-01,48.82477
2024-11-01,74.09892
2024-12-01,104.730965
2025-01-01,40.600677
2025-02-01,23.118742
